Problema,n,K,m,Z,S,CPU,generated nodes
max_div_15_3.txt,15,3,3,135.52793619883192,[0.   0.   0.46 4.48 6.17 0.  ],45.645425599999726,2881
